"code","tw_num","tw_nnight","tw_nday","tw_nwday","tw_nwnig","tw_nwend","tw_users","tw_entro","tw_gini","tw_conc"
"E02000001",49045,35913,13132,26016,9271,13758,20670,9.237,0.49,0
"E02000002",83,66,17,39,10,34,43,3.329,0.413,0.062
"E02000003",193,143,50,87,35,71,91,3.608,0.487,0.099
"E02000004",104,80,24,59,16,29,53,3.581,0.411,0.043
"E02000005",113,85,28,64,19,30,35,2.355,0.627,0.258
"E02000007",122,74,48,52,33,37,45,3.08,0.535,0.099
"E02000008",121,63,58,42,44,35,34,2.886,0.57,0.085
"E02000009",58,42,16,32,13,13,33,3.2,0.356,0.058
"E02000010",157,87,70,57,36,64,55,3.146,0.579,0.089
"E02000011",204,162,42,75,24,105,121,4.556,0.33,0.014
"E02000012",118,66,52,51,22,45,49,3.063,0.532,0.107
"E02000013",127,94,33,59,25,43,41,2.78,0.6,0.139
"E02000014",190,119,71,59,39,92,47,2.675,0.641,0.2
"E02000015",81,58,23,33,16,32,32,2.514,0.546,0.211
"E02000016",383,243,140,155,102,126,154,4.347,0.517,0.029
"E02000017",94,67,27,53,19,22,82,4.355,0.114,0.014
"E02000018",159,103,56,58,41,60,89,4.218,0.352,0.02
"E02000019",192,109,83,69,58,65,73,3.567,0.54,0.059
"E02000020",454,284,170,177,132,145,134,3.957,0.619,0.041
"E02000021",150,112,38,66,30,54,41,2.314,0.683,0.231
"E02000022",236,131,105,98,61,77,89,3.472,0.571,0.087
"E02000023",186,139,47,90,39,57,79,3.55,0.522,0.072
"E02000024",1239,860,379,602,253,384,196,3.226,0.785,0.156
"E02000025",183,121,62,79,47,57,78,3.649,0.513,0.054
"E02000026",116,95,21,61,14,41,47,2.903,0.55,0.143
"E02000027",377,202,175,123,116,138,61,2.998,0.714,0.089
"E02000028",615,409,206,256,144,215,106,3.049,0.761,0.121
"E02000029",538,341,197,220,148,170,108,3.226,0.707,0.138
"E02000030",816,399,417,279,289,248,111,1.988,0.827,0.443
"E02000031",419,278,141,188,97,134,131,3.845,0.601,0.064
"E02000032",148,97,51,66,30,52,51,3.169,0.571,0.077
"E02000033",250,195,55,133,39,78,85,3.644,0.574,0.053
"E02000034",208,108,100,70,74,64,34,2.094,0.738,0.293
"E02000035",637,471,166,361,104,172,147,2.973,0.737,0.172
"E02000036",168,100,68,76,62,30,72,3.589,0.509,0.057
"E02000037",120,73,47,49,36,35,77,4.038,0.313,0.03
"E02000038",433,314,119,228,78,127,137,3.723,0.62,0.079
"E02000039",293,222,71,156,48,89,158,4.641,0.395,0.018
"E02000040",314,201,113,140,80,94,125,3.839,0.553,0.07
"E02000041",200,142,58,93,33,74,90,3.706,0.499,0.068
"E02000042",1228,820,408,572,293,363,236,3.715,0.749,0.076
"E02000043",73,57,16,39,7,27,41,3.413,0.36,0.048
"E02000044",146,85,61,59,28,59,55,3.304,0.541,0.07
"E02000045",416,267,149,171,109,136,150,3.969,0.589,0.052
"E02000046",740,504,236,353,166,221,201,3.93,0.663,0.076
"E02000047",448,232,216,152,158,138,145,3.757,0.62,0.078
"E02000048",606,435,171,256,97,253,260,4.416,0.538,0.05
"E02000049",131,83,48,59,28,44,45,3.096,0.564,0.077
"E02000050",756,481,275,311,163,282,198,3.696,0.691,0.085
"E02000051",185,140,45,95,32,58,106,4.323,0.363,0.021
"E02000052",771,595,176,387,126,258,195,4.216,0.649,0.038
"E02000053",882,559,323,373,227,282,263,4.472,0.628,0.033
"E02000054",555,400,155,306,125,124,219,4.766,0.509,0.018
"E02000055",364,243,121,179,93,92,185,4.839,0.403,0.013
"E02000056",672,497,175,330,115,227,342,5.313,0.428,0.011
"E02000057",369,259,110,184,80,105,102,2.576,0.694,0.319
"E02000058",340,268,72,169,38,133,143,3.922,0.538,0.068
"E02000059",341,245,96,180,67,94,138,4.214,0.522,0.034
"E02000060",228,156,72,93,45,90,97,3.789,0.512,0.063
"E02000061",840,651,189,491,112,237,332,4.459,0.555,0.087
"E02000062",1277,1024,253,713,167,397,489,4.947,0.567,0.042
"E02000063",556,282,274,165,98,293,62,2.13,0.832,0.231
"E02000064",239,156,83,100,59,80,102,4.086,0.481,0.03
"E02000065",412,302,110,162,83,167,122,3.774,0.615,0.069
"E02000066",958,504,454,364,294,300,74,2.058,0.87,0.223
"E02000067",477,320,157,220,104,153,57,2.396,0.79,0.217
"E02000068",1023,672,351,489,270,264,98,2.374,0.843,0.213
"E02000069",59,35,24,29,15,15,25,2.662,0.488,0.114
"E02000070",131,90,41,61,29,41,20,1.997,0.694,0.201
"E02000071",378,299,79,219,62,97,26,1.059,0.864,0.627
"E02000072",306,197,109,132,69,105,67,2.914,0.7,0.129
"E02000073",327,226,101,77,62,188,22,0.697,0.879,0.772
"E02000074",184,130,54,87,42,55,35,2.371,0.698,0.183
"E02000075",138,97,41,64,31,43,91,4.35,0.271,0.016
"E02000077",541,389,152,245,124,172,51,1.837,0.839,0.379
"E02000078",83,61,22,43,9,31,33,2.934,0.495,0.098
"E02000079",859,688,171,473,117,269,259,4.461,0.626,0.035
"E02000080",341,279,62,205,43,93,112,3.587,0.609,0.079
"E02000081",220,143,77,66,48,106,77,3.503,0.544,0.09
"E02000082",258,180,78,121,59,78,51,2.457,0.705,0.255
"E02000083",452,340,112,262,76,114,124,3.642,0.641,0.087
"E02000084",247,196,51,134,31,82,121,4.38,0.424,0.02
"E02000085",181,157,24,108,16,57,34,2.493,0.671,0.171
"E02000086",274,213,61,150,43,81,64,2.761,0.699,0.176
"E02000087",215,166,49,116,33,66,108,4.098,0.438,0.042
"E02000088",127,76,51,44,40,43,37,2.674,0.623,0.141
"E02000089",145,100,45,76,32,37,23,2.216,0.679,0.163
"E02000090",457,282,175,179,117,161,158,4.314,0.565,0.026
"E02000091",403,223,180,142,129,132,78,2.29,0.765,0.334
"E02000092",159,113,46,72,33,54,101,4.346,0.312,0.02
"E02000093",165,115,50,77,35,53,69,3.354,0.534,0.084
"E02000094",306,171,135,94,83,129,67,2.764,0.718,0.143
"E02000095",346,213,133,137,99,110,93,3.639,0.623,0.054
"E02000096",441,260,181,171,144,126,68,1.664,0.817,0.506
"E02000097",296,198,98,133,68,95,45,2.63,0.731,0.12
"E02000098",160,112,48,80,36,44,73,3.728,0.466,0.049
"E02000099",185,119,66,79,48,58,79,3.825,0.476,0.043
"E02000100",555,408,147,297,109,149,247,5.055,0.453,0.011
"E02000101",246,180,66,117,43,86,135,4.298,0.409,0.039
"E02000102",123,84,39,52,20,51,64,3.536,0.439,0.068
"E02000103",452,352,100,273,62,117,133,3.626,0.643,0.08
"E02000104",292,212,80,142,58,92,171,4.673,0.374,0.02
"E02000105",196,129,67,97,48,51,87,3.811,0.496,0.044
"E02000106",216,144,72,93,52,71,120,4.406,0.382,0.02
"E02000107",309,220,89,160,51,98,105,3.861,0.572,0.045
"E02000108",148,109,39,65,27,56,50,2.928,0.585,0.146
"E02000109",13146,8894,4252,4493,2453,6200,7221,8.474,0.377,0.001
"E02000110",646,303,343,215,233,198,106,2.342,0.799,0.32
"E02000111",339,225,114,154,69,116,238,5.246,0.265,0.008
"E02000112",747,558,189,380,146,221,250,4.188,0.615,0.069
"E02000113",399,319,80,189,53,157,287,5.465,0.248,0.006
"E02000114",938,681,257,530,182,226,209,3.529,0.726,0.106
"E02000115",1167,816,351,566,249,352,329,4.269,0.668,0.057
"E02000116",566,349,217,230,149,187,261,4.707,0.486,0.041
"E02000117",309,200,109,131,82,96,92,3.526,0.625,0.06
"E02000118",185,139,46,90,35,60,115,4.304,0.347,0.03
"E02000119",976,588,388,389,297,290,311,3.741,0.637,0.191
"E02000120",554,346,208,246,137,171,238,4.492,0.523,0.049
"E02000121",297,221,76,152,51,94,117,3.785,0.558,0.072
"E02000122",256,183,73,131,56,69,115,4.14,0.479,0.034
"E02000123",840,593,247,417,174,249,288,4.643,0.584,0.034
"E02000124",1728,1312,416,897,291,540,623,5.201,0.578,0.036
"E02000125",342,225,117,145,78,119,209,4.869,0.354,0.02
"E02000126",632,454,178,319,122,191,238,4.545,0.545,0.042
"E02000127",216,100,116,61,67,88,61,2.578,0.659,0.266
"E02000128",242,183,59,128,38,76,89,3.687,0.552,0.059
"E02000130",253,196,57,144,41,68,95,4.071,0.493,0.026
"E02000131",1562,1189,373,725,259,578,664,5.828,0.495,0.008
"E02000132",1210,878,332,574,214,422,400,5.09,0.589,0.015
"E02000133",320,228,92,161,68,91,171,4.546,0.418,0.03
"E02000134",836,559,277,366,215,255,233,4.143,0.65,0.055
"E02000135",298,226,72,130,50,118,78,2.857,0.688,0.163
"E02000136",184,145,39,96,27,61,88,3.887,0.453,0.05
"E02000137",131,95,36,64,19,48,63,3.467,0.473,0.069
"E02000138",322,233,89,151,60,111,135,4.1,0.509,0.048
"E02000139",253,190,63,141,35,77,80,3.675,0.574,0.041
"E02000140",103,72,31,57,25,21,45,3.442,0.431,0.046
"E02000141",182,131,51,93,36,53,48,2.962,0.629,0.105
"E02000142",382,235,147,158,114,110,70,3.164,0.695,0.081
"E02000144",1270,901,369,618,271,381,333,4.462,0.67,0.036
"E02000145",149,108,41,71,30,48,93,4.291,0.31,0.02
"E02000146",347,225,122,170,89,88,69,2.574,0.744,0.221
"E02000147",311,211,100,162,76,73,51,2.435,0.754,0.208
"E02000148",699,555,144,388,107,204,116,2.544,0.786,0.275
"E02000149",114,85,29,54,19,41,53,3.456,0.445,0.063
"E02000150",641,392,249,253,178,210,110,2.479,0.792,0.245
"E02000151",156,72,84,40,43,73,45,2.53,0.65,0.224
"E02000152",139,86,53,60,43,36,48,2.995,0.57,0.125
"E02000153",147,114,33,51,19,77,76,3.926,0.409,0.032
"E02000154",391,249,142,148,90,153,106,3.643,0.628,0.065
"E02000155",47,29,18,26,10,11,23,2.628,0.446,0.123
"E02000156",376,259,117,172,95,109,95,3.433,0.665,0.07
"E02000157",102,74,28,48,21,33,25,2.458,0.613,0.142
"E02000158",62,40,22,23,15,24,19,2.208,0.577,0.199
"E02000159",329,207,122,134,79,116,98,3.575,0.61,0.075
"E02000160",188,118,70,67,51,70,81,3.838,0.487,0.038
"E02000161",250,131,119,76,94,80,26,1.903,0.772,0.266
"E02000162",350,225,125,148,89,113,127,3.955,0.554,0.063
"E02000163",312,223,89,137,58,117,98,3.676,0.603,0.055
"E02000165",99,60,39,47,26,26,22,2.185,0.651,0.175
"E02000166",3090,2361,729,1480,473,1137,1586,6.852,0.414,0.003
"E02000167",1477,1187,290,761,192,524,690,5.801,0.475,0.009
"E02000168",3984,2157,1827,1459,1358,1167,2034,7.13,0.409,0.002
"E02000169",629,453,176,275,118,236,355,5.475,0.376,0.008
"E02000170",347,241,106,169,75,103,136,3.948,0.549,0.058
"E02000171",610,416,194,246,131,233,226,4.415,0.57,0.038
"E02000172",1283,926,357,622,248,413,567,5.74,0.476,0.007
"E02000173",1411,1116,295,746,203,462,383,4.007,0.685,0.125
"E02000174",847,648,199,452,132,263,267,3.98,0.645,0.087
"E02000175",1796,1195,601,792,409,595,745,5.771,0.523,0.01
"E02000176",354,220,134,141,95,118,171,4.591,0.45,0.021
"E02000177",1733,1047,686,688,467,578,887,6.181,0.431,0.007
"E02000178",477,331,146,225,108,144,179,4.135,0.575,0.049
"E02000179",676,468,208,312,151,213,271,4.867,0.526,0.017
"E02000180",1160,761,399,510,289,361,607,5.661,0.443,0.013
"E02000181",155,95,60,66,43,46,104,4.397,0.289,0.018
"E02000182",1446,1018,428,658,302,486,886,6.345,0.351,0.004
"E02000183",9792,6490,3302,4166,2190,3436,5680,8.24,0.361,0.001
"E02000184",1907,1377,530,944,375,588,805,5.698,0.525,0.019
"E02000185",797,585,212,413,138,246,273,4.453,0.604,0.038
"E02000186",15822,10392,5430,7068,3762,4992,8371,8.542,0.405,0.001
"E02000187",19161,14215,4946,9987,3509,5665,10875,8.835,0.376,0
"E02000188",5148,3995,1153,2754,826,1568,2983,7.62,0.363,0.001
"E02000189",2433,1481,952,1031,675,727,1338,6.684,0.399,0.003
"E02000190",2825,2020,805,1462,546,817,1406,6.694,0.438,0.003
"E02000191",11768,8613,3155,6195,2169,3404,6057,8.088,0.429,0.001
"E02000192",4193,3379,814,2587,574,1032,1706,6.408,0.532,0.012
"E02000193",55810,38884,16926,27178,11967,16665,23628,9.372,0.493,0
"E02000194",469,339,130,221,92,156,232,4.998,0.428,0.012
"E02000195",231,149,82,79,64,88,44,2.473,0.709,0.188
"E02000196",258,198,60,152,49,57,81,3.563,0.593,0.059
"E02000197",459,181,278,110,210,139,72,2.137,0.808,0.297
"E02000198",164,104,60,65,40,59,49,2.48,0.655,0.255
"E02000199",313,235,78,166,58,89,51,2.865,0.7,0.11
"E02000200",210,161,49,108,34,68,113,4.434,0.369,0.017
"E02000201",186,146,40,92,28,66,94,4.199,0.401,0.022
"E02000202",152,95,57,64,35,53,78,3.937,0.416,0.032
"E02000203",839,627,212,335,149,355,455,5.604,0.403,0.01
"E02000204",94,61,33,39,17,38,40,3.362,0.423,0.045
"E02000206",336,250,86,172,67,97,173,4.754,0.409,0.014
"E02000207",80,59,21,36,15,29,46,3.487,0.367,0.046
"E02000208",476,282,194,138,147,191,67,1.776,0.824,0.452
"E02000209",205,134,71,82,54,69,79,2.951,0.583,0.216
"E02000210",115,64,51,45,46,24,43,2.941,0.562,0.105
"E02000211",197,77,120,49,78,70,42,2.091,0.726,0.332
"E02000212",300,211,89,129,66,105,194,4.983,0.31,0.011
"E02000213",993,807,186,545,134,314,182,3.203,0.77,0.144
"E02000214",141,84,57,52,48,41,48,2.617,0.621,0.203
"E02000215",598,424,174,290,138,170,275,4.545,0.504,0.051
"E02000216",326,193,133,132,108,86,66,2.8,0.713,0.151
"E02000217",1553,1123,430,747,273,533,408,4.556,0.676,0.041
"E02000218",28,16,12,11,10,7,20,2.781,0.257,0.084
"E02000219",346,219,127,137,80,129,219,5.006,0.332,0.013
"E02000220",1776,1332,444,952,299,525,678,5.674,0.538,0.012
"E02000221",250,191,59,123,44,83,153,4.733,0.332,0.014
"E02000222",138,104,34,63,22,53,89,4.277,0.297,0.018
"E02000223",187,117,70,79,52,56,14,1.712,0.691,0.279
"E02000224",271,189,82,127,58,86,127,4.208,0.472,0.033
"E02000225",112,79,33,56,25,31,14,1.464,0.717,0.341
"E02000226",133,66,67,45,52,36,34,2.505,0.632,0.194
"E02000227",168,98,70,81,48,39,48,2.749,0.644,0.144
"E02000228",171,107,64,72,46,53,100,4.172,0.373,0.03
"E02000229",58,36,22,25,15,18,27,2.979,0.404,0.069
"E02000230",285,204,81,148,51,86,151,4.511,0.415,0.024
"E02000231",119,74,45,50,33,36,35,2.642,0.607,0.161
"E02000232",112,76,36,37,23,52,57,3.612,0.416,0.045
"E02000233",167,98,69,59,45,63,81,3.89,0.439,0.04
"E02000234",561,430,131,295,71,195,129,3.061,0.725,0.15
"E02000235",71,51,20,32,17,22,40,3.349,0.374,0.052
"E02000236",201,100,101,64,65,72,39,1.621,0.767,0.496
"E02000237",125,84,41,48,31,46,63,3.73,0.422,0.037
"E02000238",232,178,54,120,43,69,50,2.266,0.728,0.292
"E02000239",122,104,18,61,12,49,40,2.456,0.627,0.23
"E02000240",193,130,63,89,44,60,46,2.637,0.684,0.139
"E02000241",236,182,54,111,39,86,76,3.633,0.569,0.045
"E02000242",244,204,40,169,25,50,39,2.103,0.758,0.29
"E02000243",181,144,37,93,26,62,113,4.408,0.323,0.022
"E02000244",258,151,107,92,75,91,128,4.121,0.455,0.052
"E02000245",106,73,33,43,21,42,68,4.027,0.291,0.022
"E02000246",139,74,65,55,50,34,54,2.948,0.573,0.134
"E02000247",371,209,162,159,122,90,87,2.909,0.71,0.173
"E02000248",269,172,97,123,67,79,164,4.737,0.345,0.016
"E02000249",159,107,52,44,31,84,47,2.37,0.663,0.224
"E02000250",245,201,44,147,34,64,79,2.9,0.63,0.216
"E02000251",57,33,24,25,16,16,28,2.742,0.451,0.133
"E02000252",1509,1059,450,704,314,491,664,5.721,0.499,0.011
"E02000253",659,455,204,308,150,201,56,1.178,0.881,0.634
"E02000254",153,102,51,56,34,63,28,2.038,0.727,0.231
"E02000255",287,204,83,143,54,90,119,3.658,0.543,0.111
"E02000256",451,275,176,187,98,166,216,4.697,0.474,0.023
"E02000257",3176,2210,966,1487,642,1047,779,5.019,0.693,0.029
"E02000258",330,223,107,150,76,104,156,4.413,0.467,0.031
"E02000259",95,64,31,47,22,26,47,3.507,0.403,0.043
"E02000260",314,229,85,161,61,92,77,2.446,0.708,0.311
"E02000261",766,542,224,356,166,244,256,4.572,0.59,0.029
"E02000262",495,295,200,184,122,189,225,4.571,0.495,0.035
"E02000263",305,193,112,129,83,93,70,2.703,0.721,0.171
"E02000264",654,364,290,242,192,220,201,3.767,0.651,0.099
"E02000265",340,231,109,146,77,117,141,4.23,0.521,0.03
"E02000266",185,141,44,94,28,63,128,4.594,0.278,0.016
"E02000267",381,217,164,143,118,120,109,3.36,0.643,0.134
"E02000268",1099,807,292,581,206,312,371,5.066,0.566,0.017
"E02000269",720,534,186,385,112,223,297,4.962,0.516,0.017
"E02000270",418,301,117,189,88,141,201,4.67,0.466,0.022
"E02000271",616,426,190,319,145,152,175,4.027,0.643,0.048
"E02000272",557,415,142,252,90,215,207,4.289,0.573,0.047
"E02000274",1081,667,414,453,307,321,88,1.937,0.874,0.37
"E02000275",607,273,334,191,232,184,61,1.553,0.849,0.531
"E02000276",302,177,125,135,89,78,117,3.595,0.574,0.103
"E02000277",73,40,33,29,27,17,32,2.84,0.497,0.102
"E02000278",192,128,64,92,42,58,66,3.367,0.579,0.069
"E02000279",409,317,92,229,73,107,108,3.697,0.645,0.049
"E02000280",514,406,108,255,74,185,219,4.455,0.526,0.035
"E02000281",574,453,121,323,83,168,123,3.362,0.696,0.134
"E02000282",601,369,232,253,173,175,72,1.977,0.827,0.358
"E02000283",105,57,48,27,36,42,45,3.151,0.505,0.083
"E02000284",294,230,64,127,35,132,138,4.297,0.466,0.031
"E02000285",94,74,20,55,18,21,24,2.562,0.571,0.115
"E02000286",159,124,35,88,28,43,78,3.879,0.436,0.038
"E02000287",666,537,129,360,86,220,250,4.247,0.579,0.066
"E02000288",413,304,109,200,65,148,175,4.661,0.473,0.017
"E02000289",87,51,36,37,25,25,46,3.556,0.369,0.037
"E02000290",127,87,40,61,25,41,71,3.945,0.364,0.03
"E02000291",665,472,193,296,98,271,153,3.3,0.723,0.12
"E02000292",684,513,171,316,110,258,118,3.398,0.741,0.072
"E02000293",184,133,51,91,31,62,55,3.185,0.604,0.074
"E02000294",77,50,27,35,25,17,41,3.147,0.428,0.088
"E02000295",357,248,109,174,80,103,86,3.149,0.684,0.123
"E02000296",726,567,159,398,108,220,248,4.504,0.587,0.036
"E02000297",350,165,185,113,120,117,34,1.874,0.814,0.279
"E02000298",501,361,140,259,116,126,190,4.395,0.55,0.037
"E02000299",105,74,31,48,20,37,50,3.367,0.458,0.065
"E02000300",38,26,12,16,9,13,26,3.063,0.269,0.061
"E02000301",330,260,70,211,49,70,173,4.842,0.381,0.011
"E02000302",58,39,19,26,13,19,20,2.071,0.584,0.27
"E02000303",217,113,104,69,58,90,98,3.821,0.496,0.056
"E02000304",227,137,90,94,66,67,64,2.849,0.651,0.186
"E02000305",538,425,113,298,78,162,103,2.935,0.754,0.143
"E02000306",441,316,125,203,84,154,136,3.742,0.633,0.062
"E02000307",102,61,41,44,25,33,46,3.024,0.509,0.116
"E02000308",186,132,54,84,34,68,96,4.187,0.396,0.025
"E02000309",445,309,136,185,91,169,234,4.88,0.426,0.019
"E02000311",419,248,171,166,111,142,81,2.817,0.739,0.167
"E02000312",497,359,138,246,82,169,126,3.435,0.688,0.091
"E02000313",356,268,88,134,69,153,38,1.106,0.853,0.661
"E02000314",367,222,145,132,104,131,79,3.194,0.699,0.079
"E02000315",212,154,58,115,47,50,65,3.435,0.576,0.061
"E02000316",2563,1554,1009,974,506,1083,1233,6.222,0.488,0.007
"E02000317",121,74,47,56,31,34,33,2.887,0.564,0.084
"E02000318",194,133,61,105,40,49,70,3.493,0.555,0.06
"E02000319",285,221,64,149,36,100,79,3.23,0.642,0.111
"E02000320",102,66,36,45,23,34,61,3.73,0.36,0.04
"E02000321",340,226,114,134,72,134,89,3.441,0.653,0.066
"E02000323",980,646,334,449,227,304,127,2.749,0.819,0.164
"E02000324",701,552,149,313,105,283,285,4.735,0.535,0.032
"E02000326",886,524,362,332,236,318,62,2.018,0.867,0.258
"E02000327",492,294,198,200,112,180,109,2.693,0.745,0.212
"E02000328",250,139,111,100,82,68,72,3.346,0.622,0.071
"E02000329",82,65,17,46,11,25,35,3.015,0.48,0.085
"E02000331",503,393,110,257,77,169,70,2.412,0.792,0.246
"E02000332",454,290,164,196,125,133,98,3.154,0.708,0.128
"E02000333",332,254,78,160,53,119,168,4.756,0.401,0.014
"E02000334",159,89,70,47,61,51,42,2.676,0.655,0.145
"E02000335",216,140,76,90,45,81,44,2.455,0.721,0.168
"E02000337",154,119,35,72,22,60,57,3.155,0.563,0.104
"E02000339",308,232,76,149,53,106,116,4.014,0.546,0.037
"E02000340",786,576,210,403,136,247,204,3.648,0.685,0.119
"E02000341",61,44,17,35,9,17,30,2.931,0.431,0.096
"E02000342",172,114,58,76,34,62,78,3.957,0.435,0.03
"E02000343",231,165,66,94,43,94,39,1.727,0.777,0.438
"E02000344",664,320,344,214,231,219,66,1.657,0.86,0.451
"E02000345",512,328,184,219,127,166,123,3.237,0.695,0.154
"E02000346",709,445,264,300,183,226,312,5.07,0.493,0.015
"E02000347",168,123,45,76,28,64,61,3.212,0.567,0.107
"E02000348",161,128,33,89,23,49,71,3.662,0.486,0.052
"E02000350",1005,693,312,447,214,344,247,4.205,0.677,0.045
"E02000351",611,403,208,237,155,219,273,4.835,0.499,0.022
"E02000352",1002,740,262,474,169,359,425,5.148,0.52,0.022
"E02000353",2689,1981,708,1265,491,933,969,5.952,0.56,0.01
"E02000354",779,528,251,319,167,293,265,4.71,0.573,0.024
"E02000355",1548,1160,388,692,254,602,510,5.362,0.578,0.013
"E02000356",933,632,301,443,220,270,134,2.566,0.813,0.259
"E02000357",565,427,138,317,113,135,292,4.959,0.443,0.026
"E02000358",2081,1398,683,907,423,751,884,5.891,0.517,0.01
"E02000359",426,306,120,190,79,157,153,4.202,0.562,0.035
"E02000360",8877,6158,2719,4208,1898,2771,4441,7.852,0.431,0.001
"E02000361",4079,2488,1591,1706,1143,1230,1697,6.442,0.516,0.012
"E02000362",1768,1246,522,845,358,565,837,5.783,0.475,0.022
"E02000363",1408,1010,398,678,302,428,353,4.264,0.694,0.062
"E02000364",1566,1145,421,766,301,499,507,4.841,0.616,0.045
"E02000365",7437,4848,2589,3322,1720,2395,2484,6.579,0.6,0.009
"E02000366",853,599,254,392,159,302,281,4.408,0.61,0.06
"E02000367",5634,4257,1377,2641,956,2037,2179,6.881,0.532,0.003
"E02000368",1006,724,282,482,186,338,556,5.864,0.392,0.006
"E02000369",3137,2255,882,1552,600,985,1137,6.026,0.57,0.009
"E02000370",1769,1309,460,944,322,503,851,6.165,0.451,0.005
"E02000371",30175,20768,9407,14519,6500,9156,11967,8.702,0.504,0.001
"E02000372",1649,1206,443,888,310,451,620,5.212,0.574,0.028
"E02000373",380,336,44,238,28,114,49,1.738,0.825,0.416
"E02000374",479,351,128,212,81,186,145,3.05,0.667,0.24
"E02000375",7108,5410,1698,3633,1215,2260,3064,6.821,0.508,0.019
"E02000376",2410,1368,1042,979,758,673,1258,6.604,0.41,0.004
"E02000377",668,426,242,243,155,270,199,4.146,0.637,0.043
"E02000378",641,443,198,286,130,225,280,4.771,0.505,0.034
"E02000379",479,275,204,173,137,169,191,4.253,0.556,0.043
"E02000380",301,179,122,129,96,76,132,4.042,0.495,0.067
"E02000381",635,413,222,271,161,203,254,4.566,0.541,0.041
"E02000382",1224,810,414,524,267,433,380,4.153,0.647,0.115
"E02000383",4799,4006,793,2556,508,1735,2188,7.079,0.464,0.002
"E02000384",6053,4060,1993,2759,1430,1864,2788,6.979,0.479,0.01
"E02000385",1092,687,405,481,273,338,453,5.15,0.529,0.024
"E02000386",438,246,192,171,117,150,153,3.96,0.592,0.057
"E02000387",366,218,148,150,114,102,139,3.992,0.545,0.069
"E02000388",2360,1672,688,1134,491,735,1031,5.878,0.519,0.018
"E02000389",552,413,139,257,101,194,235,4.557,0.518,0.038
"E02000390",640,426,214,292,174,174,151,3.778,0.683,0.058
"E02000391",5776,3985,1791,2187,999,2590,2989,7.427,0.422,0.002
"E02000392",2287,1737,550,1171,389,727,685,5.266,0.626,0.023
"E02000393",236,160,76,91,59,86,93,3.614,0.55,0.066
"E02000394",1320,993,327,709,229,382,547,5.511,0.516,0.013
"E02000395",1589,1244,345,652,255,682,803,6.187,0.428,0.004
"E02000396",682,478,204,336,130,216,363,5.394,0.413,0.009
"E02000397",577,414,163,284,106,187,150,3.825,0.656,0.063
"E02000398",257,164,93,106,70,81,123,4.379,0.437,0.02
"E02000400",500,336,164,245,123,132,206,4.313,0.552,0.04
"E02000401",85,43,42,24,30,31,35,2.351,0.563,0.267
"E02000402",122,95,27,63,22,37,70,3.82,0.38,0.04
"E02000403",308,225,83,146,55,107,155,4.426,0.45,0.025
"E02000404",101,81,20,60,15,26,22,1.856,0.701,0.284
"E02000405",4363,2679,1684,1369,821,2173,2461,7.416,0.365,0.001
"E02000406",216,122,94,85,77,54,83,3.573,0.549,0.069
"E02000407",424,293,131,175,86,163,117,3.503,0.649,0.087
"E02000408",346,246,100,159,68,119,99,2.746,0.683,0.263
"E02000409",128,96,32,77,26,25,52,3.275,0.524,0.066
"E02000410",667,472,195,283,133,251,256,4.774,0.541,0.02
"E02000411",1274,897,377,520,254,500,419,5.105,0.589,0.017
"E02000412",1083,784,299,528,229,326,462,5.543,0.486,0.008
"E02000413",601,417,184,292,126,183,201,4.261,0.596,0.043
"E02000414",228,128,100,76,63,89,89,3.407,0.568,0.097
"E02000415",382,253,129,169,89,124,142,4.183,0.552,0.033
"E02000416",391,271,120,188,72,131,134,3.946,0.575,0.065
"E02000417",626,504,122,347,87,192,236,4.686,0.551,0.02
"E02000418",362,249,113,163,76,123,155,4.307,0.515,0.03
"E02000419",676,514,162,361,104,211,269,4.704,0.542,0.029
"E02000420",390,272,118,186,76,128,194,4.637,0.449,0.024
"E02000421",1002,752,250,550,186,266,368,4.97,0.56,0.021
"E02000422",285,214,71,153,48,84,117,3.974,0.516,0.057
"E02000423",954,555,399,385,300,269,267,4.046,0.67,0.059
"E02000424",155,108,47,63,33,59,88,4.109,0.375,0.027
"E02000425",209,123,86,69,49,91,48,2.274,0.719,0.271
"E02000426",1032,736,296,489,200,343,315,4.571,0.631,0.034
"E02000427",1671,1131,540,718,356,597,927,6.339,0.394,0.004
"E02000428",335,205,130,119,91,125,135,4.418,0.475,0.022
"E02000429",413,313,100,241,58,114,98,2.908,0.708,0.205
"E02000430",1171,854,317,554,209,408,458,5.386,0.528,0.011
"E02000431",607,422,185,269,116,222,265,4.732,0.507,0.032
"E02000432",293,183,110,119,73,101,145,4.365,0.459,0.026
"E02000433",500,432,68,305,55,140,152,3.151,0.66,0.225
"E02000434",177,117,60,67,36,74,76,3.365,0.525,0.116
"E02000435",81,54,27,35,19,27,44,3.261,0.399,0.085
"E02000436",81,61,20,33,14,34,50,3.652,0.325,0.035
"E02000437",86,63,23,44,17,25,41,3.374,0.411,0.047
"E02000438",188,129,59,83,49,56,112,4.257,0.369,0.03
"E02000439",206,106,100,77,73,56,49,2.344,0.708,0.274
"E02000440",77,45,32,32,18,27,40,3.271,0.408,0.065
"E02000441",50,36,14,23,11,16,42,3.659,0.144,0.029
"E02000442",187,138,49,64,38,85,110,4.28,0.371,0.024
"E02000443",64,41,23,23,17,24,35,3.017,0.412,0.101
"E02000444",49,35,14,20,11,18,24,2.938,0.361,0.067
"E02000445",267,169,98,101,71,95,108,4.045,0.511,0.034
"E02000447",198,109,89,76,51,71,63,3.112,0.621,0.093
"E02000448",388,294,94,196,70,122,186,4.705,0.448,0.018
"E02000449",43,34,9,20,8,15,19,2.435,0.472,0.135
"E02000451",210,169,41,119,25,66,47,2.328,0.705,0.279
"E02000452",320,233,87,157,60,103,133,4.261,0.497,0.032
"E02000453",201,150,51,100,35,66,128,4.579,0.316,0.015
"E02000454",68,47,21,34,13,21,38,3.339,0.365,0.05
"E02000455",673,527,146,362,89,222,233,4.612,0.575,0.022
"E02000456",85,58,27,43,15,27,48,3.482,0.376,0.054
"E02000457",141,119,22,94,18,29,42,2.87,0.601,0.112
"E02000459",51,34,17,24,9,18,42,3.628,0.162,0.032
"E02000460",169,116,53,85,43,41,28,2.095,0.733,0.205
"E02000461",360,243,117,168,81,111,145,3.926,0.543,0.082
"E02000462",94,73,21,43,15,36,60,3.848,0.31,0.029
"E02000463",46,38,8,24,4,18,25,2.766,0.407,0.106
"E02000464",36,25,11,17,7,12,26,3.076,0.246,0.059
"E02000465",262,173,89,125,69,68,49,2.725,0.677,0.173
"E02000466",166,104,62,62,41,63,43,2.706,0.643,0.137
"E02000467",216,169,47,130,24,62,47,2.977,0.645,0.088
"E02000468",90,57,33,31,25,34,51,3.534,0.377,0.052
"E02000469",199,141,58,108,43,48,59,2.795,0.655,0.142
"E02000470",256,183,73,109,46,101,129,4.15,0.435,0.056
"E02000471",95,67,28,31,18,46,52,3.666,0.364,0.035
"E02000472",144,97,47,77,39,28,35,2.33,0.687,0.188
"E02000473",225,174,51,115,37,73,100,3.809,0.505,0.057
"E02000474",81,41,40,30,26,25,36,3.187,0.441,0.061
"E02000475",415,304,111,223,73,119,146,4.065,0.574,0.047
"E02000476",1224,930,294,623,214,387,462,5.222,0.553,0.016
"E02000477",129,88,41,67,31,31,41,2.996,0.569,0.088
"E02000478",175,121,54,80,46,49,40,2.401,0.697,0.215
"E02000479",182,129,53,80,28,74,98,4.283,0.369,0.02
"E02000480",227,157,70,105,45,77,131,4.452,0.376,0.022
"E02000481",219,172,47,125,33,61,98,3.741,0.511,0.065
"E02000482",268,181,87,127,63,78,84,3.363,0.621,0.088
"E02000483",460,345,115,202,68,190,182,4.299,0.549,0.04
"E02000484",423,372,51,248,44,131,53,2.335,0.797,0.156
"E02000485",643,460,183,294,113,236,104,2.36,0.804,0.287
"E02000486",104,72,32,26,24,54,51,3.47,0.429,0.055
"E02000487",443,310,133,202,67,174,224,4.577,0.457,0.042
"E02000488",78,57,21,44,18,16,47,3.578,0.332,0.04
"E02000489",172,105,67,54,48,70,59,3.235,0.576,0.09
"E02000490",154,91,63,65,32,57,40,2.258,0.692,0.242
"E02000491",228,158,70,112,48,68,91,3.683,0.523,0.077
"E02000492",167,106,61,73,40,54,46,2.769,0.643,0.133
"E02000493",309,179,130,117,109,83,61,2.35,0.744,0.292
"E02000494",108,77,31,52,14,42,54,3.339,0.451,0.079
"E02000495",527,351,176,220,120,187,143,3.362,0.664,0.166
"E02000496",319,169,150,109,126,84,76,2.014,0.743,0.427
"E02000497",145,110,35,70,30,45,55,3.508,0.489,0.048
"E02000498",226,152,74,96,64,66,92,4.002,0.471,0.035
"E02000499",243,144,99,101,63,79,48,2.342,0.729,0.219
"E02000500",1130,851,279,538,170,422,174,3.292,0.79,0.101
"E02000501",167,117,50,77,41,49,39,2.723,0.652,0.116
"E02000502",153,115,38,74,28,51,89,3.857,0.398,0.051
"E02000503",143,96,47,64,32,47,41,3.047,0.565,0.083
"E02000504",195,102,93,66,60,69,59,2.294,0.67,0.341
"E02000506",275,191,84,134,53,88,114,4.042,0.517,0.037
"E02000507",248,171,77,110,66,72,45,2.68,0.697,0.14
"E02000508",3047,2070,977,1445,686,916,624,4.511,0.731,0.061
"E02000509",938,707,231,539,164,235,152,3.631,0.742,0.061
"E02000510",521,304,217,235,160,126,83,2.909,0.753,0.124
"E02000511",128,100,28,57,12,59,51,3.088,0.55,0.092
"E02000512",312,144,168,76,97,139,28,1.205,0.853,0.537
"E02000513",93,66,27,33,18,42,25,1.837,0.679,0.374
"E02000514",82,63,19,44,14,24,32,2.702,0.539,0.136
"E02000515",350,276,74,178,61,111,109,3.88,0.595,0.039
"E02000516",73,53,20,32,14,27,34,2.748,0.494,0.15
"E02000517",92,58,34,37,22,33,46,2.987,0.468,0.148
"E02000518",179,136,43,96,31,52,67,3.348,0.565,0.076
"E02000519",735,483,252,292,138,305,125,2.185,0.794,0.382
"E02000520",820,733,87,518,61,241,196,3.548,0.715,0.119
"E02000521",835,354,481,207,323,305,125,2.235,0.828,0.287
"E02000522",241,162,79,100,58,83,68,3.3,0.627,0.072
"E02000523",430,377,53,285,38,107,124,3.122,0.674,0.176
"E02000524",29276,23313,5963,15861,4104,9311,15818,9.188,0.389,0
"E02000525",1553,1173,380,787,262,504,492,4.321,0.645,0.076
"E02000526",1939,1458,481,1056,337,546,706,5.354,0.575,0.026
"E02000528",1331,913,418,626,275,430,365,4.486,0.66,0.048
"E02000529",173,84,89,50,68,55,34,2.23,0.709,0.247
"E02000530",613,322,291,238,236,139,146,3.392,0.712,0.115
"E02000531",2406,1673,733,1106,505,795,601,4.436,0.704,0.066
"E02000532",1970,1332,638,843,404,723,730,5.465,0.56,0.028
"E02000533",928,442,486,271,285,372,240,3.336,0.712,0.196
"E02000534",904,724,180,507,119,278,415,5.469,0.462,0.009
"E02000535",132,80,52,54,43,35,48,3.23,0.517,0.084
"E02000536",175,124,51,82,39,54,72,3.568,0.514,0.064
"E02000537",156,102,54,71,37,48,79,3.884,0.427,0.039
"E02000538",1401,850,551,581,384,436,114,1.621,0.895,0.367
"E02000539",255,194,61,130,40,85,107,4.164,0.482,0.025
"E02000540",593,396,197,287,147,159,97,2.378,0.797,0.237
"E02000541",109,72,37,49,23,37,51,3.01,0.499,0.148
"E02000542",387,271,116,178,73,136,145,3.947,0.571,0.057
"E02000543",752,516,236,371,162,219,286,4.721,0.561,0.025
"E02000544",120,82,38,49,22,49,34,2.488,0.64,0.18
"E02000545",490,269,221,150,147,193,80,2.424,0.785,0.253
"E02000546",91,68,23,40,17,34,35,2.77,0.548,0.124
"E02000547",147,107,40,63,30,54,80,3.92,0.401,0.038
"E02000548",352,218,134,160,92,100,258,5.32,0.246,0.007
"E02000549",445,322,123,237,93,115,187,4.319,0.524,0.047
"E02000550",225,191,34,156,20,49,50,2.146,0.739,0.26
"E02000551",121,85,36,64,21,36,60,3.417,0.45,0.088
"E02000552",166,129,37,88,26,52,56,3.277,0.571,0.068
"E02000553",43,30,13,16,12,15,34,3.336,0.198,0.05
"E02000554",777,460,317,288,247,242,214,4.146,0.654,0.048
"E02000555",568,361,207,265,152,151,217,4.718,0.526,0.018
"E02000556",830,610,220,435,150,245,375,5.278,0.477,0.013
"E02000557",1237,791,446,551,288,398,500,5.291,0.537,0.017
"E02000558",697,443,254,291,161,245,331,5.062,0.482,0.016
"E02000559",621,416,205,269,145,207,317,5.188,0.44,0.013
"E02000560",1010,564,446,332,289,389,432,5.356,0.499,0.013
"E02000561",574,395,179,268,131,175,169,3.916,0.638,0.069
"E02000562",1827,1238,589,896,442,489,279,2.346,0.825,0.423
"E02000563",281,178,103,116,74,91,136,4.425,0.434,0.025
"E02000564",6597,4570,2027,3045,1533,2019,3681,7.767,0.381,0.001
"E02000565",679,475,204,303,130,246,237,4.262,0.594,0.064
"E02000566",2116,1411,705,957,505,654,1078,6.337,0.436,0.006
"E02000567",1375,926,449,622,316,437,403,4.351,0.655,0.087
"E02000568",2137,1568,569,1124,389,624,964,6.101,0.484,0.01
"E02000569",2581,1489,1092,966,736,879,1424,6.686,0.399,0.004
"E02000570",1635,1189,446,803,333,499,501,4.616,0.65,0.045
"E02000571",1059,776,283,522,168,369,251,3.657,0.723,0.102
"E02000572",841,614,227,482,165,194,356,5.033,0.519,0.02
"E02000573",8149,5674,2475,3831,1658,2660,4125,7.837,0.414,0.001
"E02000574",4983,3474,1509,2479,1040,1464,2167,6.698,0.507,0.01
"E02000575",10604,8052,2552,6065,1841,2698,4547,7.691,0.498,0.001
"E02000576",7475,5715,1760,4282,1251,1942,3448,7.44,0.47,0.002
"E02000577",1422,1148,274,767,197,458,667,5.842,0.469,0.008
"E02000578",271,206,65,144,44,83,137,4.335,0.433,0.034
"E02000579",1033,763,270,573,192,268,510,5.541,0.461,0.011
"E02000580",2500,1877,623,1245,435,820,1278,6.521,0.439,0.004
"E02000581",770,574,196,401,147,222,326,4.788,0.529,0.034
"E02000582",5446,3982,1464,2648,988,1810,2787,7.278,0.429,0.003
"E02000583",3151,2407,744,1439,492,1220,2035,7.318,0.308,0.001
"E02000584",4364,3159,1205,2227,817,1320,2466,7.268,0.39,0.002
"E02000585",2094,1483,611,998,433,663,1071,6.328,0.429,0.007
"E02000586",3611,2659,952,1910,643,1058,1642,6.477,0.494,0.009
"E02000587",1520,1114,406,765,314,441,748,5.872,0.465,0.009
"E02000588",16014,11628,4386,7807,3045,5162,7468,8.339,0.455,0.001
"E02000589",2590,1681,909,1159,637,794,1088,5.857,0.534,0.021
"E02000590",9120,6756,2364,4492,1673,2955,5020,7.872,0.393,0.003
"E02000591",1454,920,534,593,342,519,750,5.821,0.445,0.014
"E02000592",5198,3979,1219,2698,845,1655,2860,7.378,0.396,0.003
"E02000593",1170,791,379,487,256,427,567,5.621,0.46,0.013
"E02000594",11348,8242,3106,5458,2161,3729,5178,7.96,0.453,0.002
"E02000595",3510,2728,782,1836,550,1124,1498,6.269,0.52,0.012
"E02000596",1893,1367,526,962,347,584,742,5.582,0.553,0.017
"E02000597",922,624,298,422,180,320,484,5.583,0.423,0.011
"E02000598",119,71,48,40,35,44,40,3.143,0.521,0.069
"E02000599",270,217,53,160,42,68,126,4.376,0.417,0.028
"E02000600",897,680,217,441,144,312,327,4.405,0.591,0.067
"E02000601",553,391,162,240,109,204,150,4.005,0.641,0.04
"E02000602",986,770,216,513,146,327,420,5.2,0.512,0.019
"E02000603",361,267,94,121,67,173,149,4.155,0.53,0.043
"E02000604",556,323,233,212,153,191,161,3.319,0.673,0.142
"E02000605",214,157,57,123,27,64,73,2.892,0.627,0.16
"E02000606",3677,2645,1032,1770,773,1134,1411,6.415,0.536,0.006
"E02000607",259,181,78,120,52,87,81,3.389,0.619,0.076
"E02000608",884,606,278,374,181,329,337,5.03,0.541,0.017
"E02000609",103,77,26,48,20,35,51,3.552,0.409,0.045
"E02000610",233,153,80,111,58,64,69,3.259,0.618,0.088
"E02000611",230,120,110,78,64,88,54,2.664,0.696,0.163
"E02000612",88,61,27,45,21,22,55,3.76,0.316,0.032
"E02000613",187,113,74,86,65,36,61,3.061,0.615,0.097
"E02000614",275,212,63,149,46,80,90,3.489,0.588,0.091
"E02000615",341,249,92,164,79,98,52,2.153,0.786,0.254
"E02000616",18,13,5,7,3,8,14,2.582,0.159,0.08
"E02000617",927,707,220,477,155,295,308,4.473,0.602,0.061
"E02000619",1400,988,412,602,282,516,588,5.247,0.531,0.031
"E02000620",2225,1592,633,1125,415,685,1047,6.226,0.474,0.006
"E02000621",3513,2410,1103,1615,761,1137,1450,6.427,0.523,0.005
"E02000622",1266,982,284,659,205,402,546,5.558,0.504,0.01
"E02000623",235,144,91,84,55,96,120,4.286,0.421,0.03
"E02000624",1008,677,331,452,221,335,223,3.614,0.722,0.123
"E02000625",335,244,91,170,65,100,151,4.103,0.501,0.059
"E02000626",258,193,65,147,40,71,85,3.38,0.598,0.099
"E02000627",501,327,174,202,111,188,227,4.723,0.492,0.022
"E02000628",9681,5472,4209,3533,2858,3290,5039,8.124,0.394,0.001
"E02000629",2250,1469,781,988,490,772,767,5.422,0.597,0.023
"E02000630",1057,754,303,465,191,401,544,5.844,0.412,0.006
"E02000631",991,762,229,537,167,287,352,4.909,0.578,0.023
"E02000632",723,472,251,275,154,294,422,5.592,0.374,0.008
"E02000633",3183,1937,1246,1299,871,1013,1754,7.023,0.388,0.002
"E02000634",1065,751,314,443,206,416,650,6.135,0.338,0.004
"E02000635",3304,2390,914,1503,582,1219,1366,6.185,0.527,0.012
"E02000636",1122,778,344,469,195,458,500,5.527,0.488,0.011
"E02000637",577,377,200,236,136,205,185,3.901,0.631,0.069
"E02000638",452,285,167,186,125,141,190,4.749,0.479,0.014
"E02000639",269,185,84,134,52,83,111,3.882,0.519,0.065
"E02000640",378,229,149,159,108,111,156,4.44,0.498,0.025
"E02000641",85,58,27,36,25,24,43,3.286,0.434,0.061
"E02000642",772,524,248,334,189,249,214,4.021,0.641,0.083
"E02000643",391,268,123,181,77,133,126,3.891,0.602,0.047
"E02000644",310,170,140,110,92,108,75,2.757,0.711,0.161
"E02000645",710,496,214,338,141,231,219,4.316,0.624,0.036
"E02000646",606,399,207,280,146,180,209,4.545,0.571,0.023
"E02000647",150,105,45,70,33,47,69,3.569,0.478,0.069
"E02000648",322,216,106,138,82,102,104,3.635,0.611,0.066
"E02000649",794,502,292,325,176,293,374,5.417,0.452,0.008
"E02000650",617,393,224,255,167,195,185,4.019,0.636,0.059
"E02000651",618,457,161,271,90,257,223,4.43,0.577,0.037
"E02000652",206,123,83,91,51,64,79,3.485,0.558,0.07
"E02000653",727,559,168,370,121,236,130,2.935,0.773,0.162
"E02000654",643,507,136,341,88,214,213,4.279,0.607,0.039
"E02000655",966,636,330,306,240,420,423,5.336,0.495,0.013
"E02000657",1905,1272,633,868,422,615,645,5.631,0.567,0.011
"E02000658",465,286,179,222,124,119,165,4.092,0.568,0.06
"E02000659",290,197,93,128,63,99,143,4.257,0.465,0.036
"E02000660",1118,730,388,485,271,362,307,4.179,0.675,0.063
"E02000661",1397,902,495,587,225,585,592,5.599,0.511,0.011
"E02000662",266,201,65,139,48,79,74,3.284,0.63,0.09
"E02000663",399,257,142,181,89,129,120,3.68,0.638,0.059
"E02000664",1504,1110,394,754,277,473,586,5.601,0.53,0.011
"E02000665",233,178,55,117,44,72,107,4.044,0.477,0.038
"E02000666",398,242,156,153,127,118,129,3.909,0.592,0.055
"E02000667",979,582,397,373,303,303,274,4.466,0.641,0.033
"E02000668",515,334,181,226,131,158,152,4.064,0.615,0.041
"E02000669",541,391,150,306,91,144,103,3.282,0.726,0.09
"E02000670",321,242,79,157,58,106,111,3.105,0.627,0.181
"E02000671",398,292,106,184,73,141,169,4.345,0.499,0.046
"E02000672",582,421,161,283,123,176,236,4.608,0.521,0.036
"E02000673",1195,846,349,534,235,426,526,5.418,0.503,0.015
"E02000674",343,226,117,134,80,129,30,1.723,0.802,0.386
"E02000675",215,124,91,73,70,72,50,2.362,0.712,0.24
"E02000676",105,75,30,57,19,29,55,3.615,0.407,0.041
"E02000677",155,108,47,73,32,50,37,2.33,0.678,0.251
"E02000678",76,55,21,34,13,29,41,3.308,0.395,0.063
"E02000679",224,193,31,137,26,61,94,3.789,0.518,0.054
"E02000680",773,620,153,431,97,245,142,3.288,0.755,0.104
"E02000681",657,457,200,324,129,204,149,3.9,0.675,0.045
"E02000682",120,76,44,48,37,35,44,3.123,0.531,0.084
"E02000683",242,184,58,120,43,79,51,2.753,0.67,0.17
"E02000685",869,410,459,273,382,214,95,2.047,0.849,0.31
"E02000686",209,170,39,120,27,62,86,3.847,0.494,0.044
"E02000687",291,210,81,138,57,96,127,4.285,0.483,0.025
"E02000689",743,544,199,379,144,220,320,4.947,0.514,0.021
"E02000690",1348,962,386,616,259,473,674,5.708,0.457,0.015
"E02000691",816,619,197,410,123,283,433,5.602,0.403,0.008
"E02000692",826,627,199,469,138,219,371,5.114,0.492,0.02
"E02000693",693,470,223,299,172,222,267,4.795,0.543,0.019
"E02000694",423,280,143,203,85,135,202,4.848,0.44,0.013
"E02000695",202,101,101,65,62,75,73,2.864,0.611,0.173
"E02000696",149,85,64,50,43,56,65,3.454,0.508,0.066
"E02000697",1210,846,364,583,242,385,480,5.197,0.551,0.019
"E02000698",123,86,37,70,24,29,47,3.073,0.545,0.099
"E02000699",654,396,258,246,162,246,164,3.139,0.703,0.218
"E02000700",524,335,189,228,135,161,124,3.729,0.67,0.052
"E02000701",91,65,26,43,19,29,50,3.554,0.384,0.042
"E02000702",220,113,107,70,69,81,85,3.5,0.555,0.087
"E02000703",440,267,173,191,133,116,70,2.641,0.773,0.148
"E02000704",563,381,182,254,122,187,269,4.873,0.467,0.027
"E02000705",90,53,37,28,25,37,39,2.97,0.505,0.11
"E02000706",91,63,28,32,23,36,45,3.194,0.447,0.094
"E02000707",39,14,25,9,20,10,15,2.095,0.523,0.201
"E02000708",414,269,145,145,84,185,114,3.098,0.686,0.158
"E02000709",105,79,26,49,19,37,32,2.951,0.525,0.077
"E02000710",251,184,67,124,53,74,106,3.755,0.529,0.075
"E02000711",453,327,126,206,93,154,180,4.604,0.503,0.019
"E02000712",252,158,94,103,65,84,57,2.671,0.71,0.158
"E02000713",557,386,171,239,113,205,36,1.257,0.875,0.546
"E02000714",283,188,95,127,70,86,119,4.085,0.502,0.041
"E02000715",48,28,20,19,12,17,18,2.407,0.495,0.129
"E02000716",248,149,99,93,59,96,67,2.763,0.685,0.159
"E02000717",289,170,119,81,67,141,74,2.358,0.699,0.35
"E02000718",161,89,72,45,49,67,30,1.733,0.755,0.406
"E02000719",324,176,148,122,111,91,98,3.698,0.612,0.047
"E02000720",314,205,109,128,85,101,81,3.085,0.681,0.109
"E02000721",195,118,77,81,43,71,80,3.887,0.475,0.035
"E02000722",229,164,65,120,53,56,107,4.083,0.467,0.034
"E02000723",443,399,44,311,33,99,67,1.681,0.818,0.496
"E02000724",502,454,48,309,32,161,39,1.232,0.879,0.531
"E02000725",2125,1435,690,1090,516,519,611,4.25,0.67,0.15
"E02000726",9630,6901,2729,4487,1913,3230,4500,7.713,0.46,0.002
"E02000727",142,90,52,54,38,50,62,3.433,0.509,0.063
"E02000728",69,52,17,41,14,14,23,2.098,0.606,0.277
"E02000729",230,163,67,102,42,86,127,4.379,0.397,0.024
"E02000730",252,206,46,142,29,81,86,3.469,0.595,0.073
"E02000731",259,203,56,105,38,116,107,3.653,0.547,0.084
"E02000732",1258,855,403,545,308,405,689,5.951,0.398,0.01
"E02000733",435,231,204,148,138,149,115,3.048,0.701,0.157
"E02000734",340,95,245,73,156,111,67,2.03,0.757,0.422
"E02000735",199,130,69,91,52,56,122,4.493,0.338,0.017
"E02000736",246,161,85,112,44,90,38,1.73,0.789,0.427
"E02000737",351,235,116,150,65,136,147,4.027,0.533,0.061
"E02000738",694,499,195,295,139,260,352,5.019,0.457,0.029
"E02000739",138,96,42,60,32,46,58,3.305,0.514,0.089
"E02000740",449,347,102,220,67,162,191,4.415,0.518,0.034
"E02000741",141,77,64,53,38,50,76,3.768,0.412,0.058
"E02000742",56,43,13,30,8,18,29,3.171,0.325,0.052
"E02000743",361,247,114,174,87,100,105,3.576,0.63,0.075
"E02000744",199,141,58,96,39,64,48,2.481,0.697,0.221
"E02000745",190,115,75,84,52,54,79,3.53,0.535,0.068
"E02000746",523,324,199,205,141,177,203,4.506,0.528,0.031
"E02000747",4008,3032,976,1823,569,1616,2073,7.258,0.4,0.001
"E02000748",554,376,178,264,116,174,231,4.726,0.507,0.023
"E02000749",4421,3661,760,2134,394,1893,2250,7.323,0.405,0.001
"E02000750",2672,1975,697,1412,480,780,1453,6.654,0.405,0.007
"E02000751",502,321,181,214,112,176,183,4.283,0.574,0.035
"E02000752",209,148,61,105,47,57,87,3.464,0.528,0.118
"E02000753",25,18,7,16,5,4,9,1.814,0.436,0.203
"E02000754",168,117,51,78,37,53,38,2.661,0.66,0.136
"E02000755",171,112,59,60,26,85,107,4.42,0.317,0.017
"E02000756",521,384,137,263,94,164,125,3.243,0.705,0.115
"E02000757",1113,820,293,529,217,367,250,3.964,0.714,0.059
"E02000758",47,32,15,18,11,18,19,2.54,0.457,0.112
"E02000759",353,201,152,137,103,113,125,3.891,0.585,0.048
"E02000760",44,23,21,14,9,21,21,2.707,0.409,0.093
"E02000762",162,87,75,51,60,51,36,1.858,0.734,0.393
"E02000763",748,498,250,307,168,273,89,1.44,0.855,0.603
"E02000764",660,502,158,325,111,224,219,4.455,0.588,0.033
"E02000765",546,366,180,173,116,257,308,5.423,0.359,0.007
"E02000767",98,67,31,36,19,43,51,3.481,0.418,0.053
"E02000768",169,128,41,76,25,68,50,2.631,0.654,0.195
"E02000769",404,270,134,180,97,127,49,1.327,0.844,0.589
"E02000770",298,199,99,123,73,102,120,3.924,0.542,0.053
"E02000772",165,112,53,76,34,55,63,3.633,0.498,0.041
"E02000773",108,58,50,41,41,26,35,2.5,0.619,0.169
"E02000774",46,34,12,22,10,14,30,3.222,0.278,0.05
"E02000776",21,14,7,9,5,7,19,2.912,0.085,0.057
"E02000777",345,271,74,179,51,115,156,4.442,0.468,0.027
"E02000779",155,100,55,70,34,51,94,4.294,0.325,0.019
"E02000780",486,320,166,210,109,167,190,4.31,0.537,0.054
"E02000781",611,407,204,279,154,178,254,4.585,0.533,0.036
"E02000782",130,74,56,60,35,35,54,3.175,0.536,0.087
"E02000783",25,15,10,9,8,8,14,2.262,0.374,0.165
"E02000784",1570,1205,365,783,232,555,396,4.54,0.682,0.042
"E02000785",4299,2733,1566,1814,1096,1389,1551,6.157,0.564,0.017
"E02000786",1241,940,301,638,226,377,425,5.118,0.585,0.016
"E02000787",1038,801,237,609,162,267,195,3.631,0.735,0.099
"E02000788",724,475,249,281,192,251,202,4.141,0.638,0.05
"E02000789",780,602,178,418,119,243,307,4.472,0.563,0.064
"E02000790",712,448,264,260,175,277,186,4.178,0.644,0.039
"E02000791",3134,2303,831,1448,526,1160,1347,6.468,0.501,0.005
"E02000792",621,439,182,274,133,214,221,4.266,0.587,0.052
"E02000793",488,366,122,239,64,185,85,3.341,0.704,0.069
"E02000794",4520,3543,977,1116,431,2973,2569,7.454,0.365,0.001
"E02000795",3002,2321,681,1497,454,1051,1430,6.679,0.448,0.004
"E02000796",363,245,118,158,89,116,69,2.325,0.757,0.278
"E02000797",1258,970,288,591,194,473,543,5.57,0.498,0.011
"E02000798",612,486,126,303,96,213,138,3.423,0.71,0.089
"E02000799",702,505,197,340,144,218,250,4.779,0.543,0.023
"E02000800",330,240,90,141,50,139,177,4.632,0.408,0.025
"E02000801",368,245,123,132,97,139,110,3.026,0.66,0.209
"E02000802",355,236,119,151,71,133,76,3.189,0.671,0.11
"E02000803",270,152,118,105,88,77,55,2.548,0.728,0.18
"E02000804",1023,829,194,551,141,331,387,5.174,0.544,0.014
"E02000805",357,249,108,168,77,112,164,4.49,0.468,0.026
"E02000806",1910,1434,476,897,328,685,873,6.215,0.457,0.005
"E02000807",565,437,128,331,88,146,268,4.613,0.491,0.043
"E02000808",22774,17267,5507,11855,3748,7171,11383,8.791,0.423,0.001
"E02000809",18546,12863,5683,8703,3889,5954,10574,8.76,0.378,0.001
"E02000810",1671,1277,394,752,260,659,676,5.776,0.52,0.008
"E02000812",7863,5527,2336,3901,1657,2305,4552,7.856,0.374,0.002
"E02000813",1672,1226,446,808,328,536,902,6.291,0.405,0.005
"E02000814",1982,1364,618,847,370,765,763,5.374,0.563,0.032
"E02000815",1784,1195,589,831,379,574,906,6.224,0.434,0.006
"E02000816",602,455,147,264,91,247,258,4.846,0.505,0.019
"E02000817",944,772,172,537,129,278,361,4.983,0.549,0.024
"E02000818",627,421,206,255,126,246,198,3.865,0.647,0.066
"E02000819",548,344,204,263,139,146,125,3.322,0.718,0.09
"E02000820",1101,773,328,530,219,352,270,3.776,0.703,0.121
"E02000821",442,228,214,152,147,143,119,3.705,0.651,0.054
"E02000822",437,317,120,215,85,137,240,5.046,0.393,0.013
"E02000823",410,292,118,195,87,128,170,4.264,0.53,0.043
"E02000824",547,395,152,266,109,172,250,4.706,0.48,0.034
"E02000825",337,209,128,136,78,123,106,3.236,0.633,0.165
"E02000826",246,152,94,103,59,84,125,4.387,0.424,0.02
"E02000827",923,619,304,390,193,340,396,5.46,0.477,0.008
"E02000828",680,438,242,301,163,216,297,4.746,0.516,0.038
"E02000829",1402,921,481,618,323,461,528,5.262,0.557,0.022
"E02000830",1041,790,251,573,190,278,338,4.692,0.615,0.032
"E02000831",2528,1911,617,1249,411,868,908,5.807,0.568,0.013
"E02000832",887,624,263,413,172,302,249,4.267,0.651,0.043
"E02000833",1152,860,292,538,213,401,391,5.126,0.572,0.015
"E02000834",1169,860,309,560,199,410,422,5.149,0.565,0.017
"E02000835",593,440,153,236,84,273,175,4.028,0.638,0.048
"E02000836",664,511,153,360,98,206,209,4.096,0.622,0.066
"E02000837",1799,1288,511,850,387,562,592,5.206,0.608,0.022
"E02000838",507,364,143,234,84,189,105,3.125,0.731,0.12
"E02000839",595,459,136,274,84,237,201,4.363,0.591,0.03
"E02000840",35,28,7,16,5,14,24,3.035,0.251,0.056
"E02000841",120,82,38,68,28,24,56,3.632,0.423,0.043
"E02000842",196,146,50,105,36,55,68,3.493,0.559,0.055
"E02000843",181,115,66,88,53,40,36,2.274,0.723,0.2
"E02000844",102,54,48,33,41,28,41,3.201,0.492,0.065
"E02000845",226,136,90,97,51,78,68,3.631,0.545,0.043
"E02000846",501,335,166,244,117,140,37,1.755,0.839,0.345
"E02000847",81,60,21,38,15,28,34,2.922,0.493,0.101
"E02000848",375,221,154,157,123,95,46,1.828,0.814,0.372
"E02000849",175,97,78,53,42,80,58,2.872,0.613,0.17
"E02000850",1341,885,456,584,289,468,105,1.993,0.871,0.398
"E02000851",650,492,158,330,111,209,246,4.89,0.519,0.014
"E02000852",327,213,114,149,90,88,38,1.892,0.809,0.273
"E02000853",270,181,89,117,63,90,62,3.025,0.677,0.1
"E02000854",331,251,80,178,41,112,114,3.791,0.589,0.056
"E02000855",227,133,94,89,66,72,73,3.414,0.591,0.073
"E02000856",386,189,197,129,113,144,69,2.74,0.752,0.142
"E02000857",300,210,90,141,58,101,89,3.599,0.609,0.058
"E02000858",129,78,51,48,33,48,41,2.779,0.593,0.142
"E02000859",146,108,38,77,24,45,61,3.495,0.491,0.066
"E02000860",145,77,68,42,33,70,33,2.25,0.69,0.217
"E02000861",452,274,178,175,111,166,388,5.859,0.133,0.004
"E02000863",157,99,58,65,23,69,75,3.837,0.442,0.039
"E02000864",4121,3044,1077,1995,709,1417,1841,6.811,0.484,0.003
"E02000865",3156,2105,1051,1387,705,1064,1204,6.088,0.547,0.012
"E02000866",2686,1953,733,1214,502,970,1224,6.35,0.483,0.006
"E02000867",1321,884,437,595,299,427,485,5.242,0.561,0.02
"E02000868",2373,1535,838,1083,564,726,1111,6.357,0.467,0.005
"E02000869",3294,2668,626,1553,395,1346,1386,6.286,0.521,0.008
"E02000870",580,431,149,290,104,186,288,5.135,0.435,0.014
"E02000871",545,360,185,256,132,157,178,3.648,0.633,0.13
"E02000872",5355,3975,1380,2636,945,1774,2812,7.354,0.419,0.002
"E02000873",878,647,231,459,177,242,359,5.345,0.487,0.009
"E02000874",590,413,177,302,109,179,295,5.142,0.442,0.013
"E02000875",517,352,165,209,120,188,141,3.638,0.664,0.085
"E02000876",1559,1035,524,702,362,495,814,6.008,0.428,0.012
"E02000877",1000,680,320,450,225,325,434,5.367,0.498,0.012
"E02000878",16687,12759,3928,8226,2705,5756,7386,8.259,0.474,0.001
"E02000879",1030,668,362,381,247,402,500,5.431,0.473,0.014
"E02000880",801,569,232,401,179,221,350,4.861,0.516,0.036
"E02000881",598,349,249,257,169,172,78,2.506,0.795,0.234
"E02000882",706,487,219,309,145,252,180,3.615,0.697,0.089
"E02000883",441,275,166,186,111,144,137,3.879,0.618,0.051
"E02000884",2375,1688,687,1215,492,668,1101,6.18,0.488,0.007
"E02000885",277,161,116,87,90,100,119,3.939,0.52,0.055
"E02000886",1176,861,315,566,191,419,310,3.715,0.696,0.134
"E02000887",292,209,83,147,56,89,179,4.811,0.345,0.015
"E02000888",1873,1146,727,710,435,728,1008,6.342,0.402,0.007
"E02000889",2918,2169,749,1399,499,1020,1502,6.867,0.41,0.002
"E02000890",6689,4839,1850,3349,1261,2079,4451,8.094,0.294,0.001
"E02000891",2296,1697,599,1215,452,629,788,5.509,0.598,0.018
"E02000893",812,654,158,443,113,256,324,4.631,0.549,0.055
"E02000894",525,379,146,267,92,166,176,4.078,0.604,0.051
"E02000895",237,156,81,103,55,79,75,3.532,0.583,0.059
"E02000896",768,648,120,476,85,207,154,3.174,0.747,0.138
"E02000897",378,235,143,153,113,112,31,1.617,0.82,0.414
"E02000898",72,49,23,36,16,20,36,3.255,0.399,0.054
"E02000899",428,277,151,176,116,136,68,2.423,0.779,0.233
"E02000900",136,98,38,61,25,50,69,3.789,0.427,0.037
"E02000901",645,429,216,328,157,160,64,1.398,0.858,0.589
"E02000902",388,276,112,173,76,139,92,2.898,0.712,0.181
"E02000903",290,213,77,128,41,121,131,3.853,0.51,0.087
"E02000904",86,54,32,41,18,27,51,3.603,0.354,0.042
"E02000905",822,594,228,360,166,296,225,3.606,0.671,0.168
"E02000906",246,154,92,98,62,86,93,3.549,0.566,0.085
"E02000907",426,306,120,208,72,146,195,4.503,0.498,0.028
"E02000908",579,400,179,245,127,207,175,4.128,0.621,0.04
"E02000909",854,638,216,373,128,353,364,5.306,0.487,0.01
"E02000910",991,754,237,523,176,292,250,3.628,0.696,0.164
"E02000911",1001,710,291,485,193,323,403,5.289,0.519,0.012
"E02000912",1063,821,242,690,192,181,86,1.359,0.887,0.609
"E02000913",336,167,169,116,137,83,88,3.363,0.649,0.091
"E02000914",595,446,149,238,105,252,192,4.05,0.614,0.069
"E02000915",489,386,103,279,68,142,133,3.665,0.653,0.078
"E02000916",552,414,138,283,88,181,168,3.988,0.624,0.058
"E02000917",167,117,50,67,32,68,79,3.851,0.454,0.039
"E02000918",1343,988,355,625,248,470,345,4.04,0.688,0.1
"E02000919",619,438,181,331,127,161,131,3.44,0.715,0.096
"E02000920",1137,827,310,534,224,379,410,5.011,0.576,0.021
"E02000921",1245,872,373,557,237,451,705,5.996,0.392,0.007
"E02000922",126,67,59,46,45,35,89,4.243,0.261,0.024
"E02000923",3532,2403,1129,1620,763,1149,1642,6.679,0.467,0.006
"E02000924",2463,1613,850,1067,563,833,1191,6.3,0.459,0.01
"E02000925",387,242,145,172,105,110,191,4.696,0.449,0.019
"E02000926",1585,1122,463,739,314,532,499,4.69,0.636,0.05
"E02000927",421,302,119,201,89,131,160,3.983,0.557,0.079
"E02000928",1175,807,368,518,239,418,454,5.02,0.556,0.034
"E02000929",347,265,82,191,57,99,146,4.084,0.529,0.048
"E02000930",1926,1346,580,890,406,630,853,5.868,0.498,0.012
"E02000931",1538,1169,369,804,251,483,731,6.012,0.456,0.006
"E02000932",3838,2946,892,1912,623,1303,1376,6.202,0.571,0.008
"E02000933",492,387,105,267,90,135,151,3.858,0.624,0.073
"E02000934",2989,2150,839,1506,601,882,1305,6.395,0.502,0.005
"E02000935",970,714,256,478,171,321,255,4.606,0.625,0.024
"E02000936",589,420,169,266,118,205,139,3.31,0.719,0.102
"E02000937",548,403,145,264,96,188,317,5.33,0.371,0.01
"E02000938",477,345,132,240,94,143,133,3.581,0.664,0.076
"E02000939",428,236,192,164,140,124,294,5.274,0.29,0.015
"E02000940",1303,1023,280,748,199,356,338,4.288,0.676,0.078
"E02000941",220,162,58,119,32,69,165,4.945,0.222,0.009
"E02000942",339,247,92,175,62,102,152,4.495,0.468,0.021
"E02000943",1884,1276,608,791,396,697,630,4.871,0.617,0.053
"E02000944",58,41,17,28,14,16,40,3.503,0.265,0.039
"E02000945",344,221,123,115,91,138,100,3.451,0.628,0.102
"E02000946",715,509,206,327,137,251,337,5.288,0.45,0.011
"E02000947",317,255,62,178,49,90,103,3.712,0.599,0.055
"E02000948",847,621,226,406,150,291,257,4.306,0.635,0.043
"E02000949",794,439,355,294,268,232,265,4.13,0.619,0.088
"E02000950",332,221,111,158,83,91,125,3.113,0.6,0.23
"E02000951",275,182,93,115,61,99,147,4.523,0.407,0.022
"E02000952",743,462,281,291,210,242,290,4.832,0.537,0.024
"E02000953",436,326,110,249,86,101,144,4.228,0.566,0.03
"E02000954",138,99,39,75,23,40,64,3.636,0.451,0.054
"E02000955",555,361,194,234,133,188,178,3.997,0.618,0.056
"E02000956",289,226,63,152,39,98,163,4.631,0.389,0.02
"E02000957",1846,1192,654,797,416,633,782,5.886,0.513,0.008
"E02000958",227,151,76,99,51,77,92,3.853,0.519,0.042
"E02000959",887,737,150,545,103,239,100,1.726,0.861,0.453
"E02000960",3493,2535,958,1710,677,1106,1946,7.14,0.382,0.002
"E02000961",449,283,166,182,120,147,170,4.053,0.58,0.052
"E02000962",2895,1959,936,1303,675,917,1815,7.064,0.338,0.002
"E02000963",285,173,112,115,77,93,122,3.811,0.526,0.084
"E02000964",644,469,175,337,105,202,177,3.85,0.664,0.062
"E02000965",887,561,326,406,237,244,279,4.416,0.61,0.06
"E02000966",1783,1375,408,898,280,605,823,5.975,0.477,0.008
"E02000967",9078,6578,2500,4457,1752,2869,4904,8.022,0.397,0.001
"E02000968",851,596,255,428,196,227,422,5.439,0.452,0.01
"E02000969",895,583,312,394,217,284,377,4.499,0.554,0.064
"E02000970",23648,16792,6856,11571,4870,7207,11615,8.851,0.431,0
"E02000971",6045,3953,2092,2706,1416,1923,3019,7.375,0.441,0.002
"E02000972",155849,109011,46838,75638,32294,47917,48826,9.876,0.582,0
"E02000973",1631,1183,448,797,322,512,764,5.794,0.486,0.011
"E02000974",6266,4489,1777,3181,1216,1869,3522,7.649,0.39,0.001
"E02000975",2740,1830,910,1318,683,739,1443,6.557,0.427,0.007
"E02000976",4043,2584,1459,1636,971,1436,2119,7.144,0.413,0.002
"E02000977",161050,110267,50783,76152,35166,49732,58286,10.144,0.534,0
"E02000978",30953,20870,10083,14085,6890,9978,16048,9.196,0.404,0
"E02000979",31313,21452,9861,15223,6866,9224,16960,8.954,0.41,0.001
"E02000980",3493,2579,914,1704,657,1132,1773,6.69,0.438,0.012
"E02000981",1891,1321,570,901,396,594,980,5.964,0.445,0.019
"E02000982",7340,5402,1938,3819,1330,2191,4054,7.529,0.409,0.005
"E02000983",580,363,217,252,147,181,286,4.905,0.473,0.019
"E02006782",167,111,56,60,46,61,85,4.087,0.404,0.024
"E02006783",150,105,45,66,36,48,54,3.139,0.561,0.102
"E02006784",249,224,25,162,16,71,35,1.377,0.815,0.556
"E02006785",39,33,6,22,6,11,27,3.153,0.249,0.051
"E02006786",112,87,25,64,19,29,33,2.447,0.601,0.228
"E02006787",255,178,77,99,54,102,78,3.171,0.636,0.108
"E02006788",106,84,22,66,14,26,24,2.122,0.672,0.22
"E02006789",205,142,63,76,48,81,93,4.006,0.457,0.036
"E02006791",404,297,107,193,74,137,170,4.226,0.524,0.051
"E02006792",2278,1688,590,1180,416,682,842,5.977,0.544,0.006
"E02006793",166,122,44,85,25,56,74,3.888,0.446,0.031
"E02006794",1990,1450,540,848,409,733,1035,6.168,0.429,0.016
"E02006795",100,73,27,54,20,26,43,3.056,0.503,0.107
"E02006796",1496,838,658,569,464,463,104,1.706,0.903,0.324
"E02006798",1248,903,345,653,254,341,546,5.685,0.49,0.007
"E02006799",217,129,88,95,64,58,39,2.499,0.709,0.156
"E02006800",140,106,34,73,28,39,71,3.765,0.43,0.043
"E02006801",32355,21607,10748,14835,7510,10010,17839,9.351,0.384,0
"E02006802",3111,2271,840,1711,619,781,1455,6.609,0.47,0.004
"E02006836",414,196,218,142,192,80,55,2.261,0.799,0.203
"E02006853",278,188,90,137,48,93,152,4.616,0.391,0.018
"E02006854",11221,8307,2914,5845,2020,3356,4327,7.466,0.535,0.004
"E02006882",502,323,179,211,140,151,71,2.248,0.807,0.231
"E02006918",333,245,88,165,59,109,181,4.78,0.391,0.016
"E02006921",148,97,51,53,38,57,75,3.927,0.415,0.03
"E02006924",350,230,120,125,75,150,193,4.862,0.38,0.014
"E02006925",117,85,32,59,24,34,71,3.987,0.332,0.026
"E02006927",624,403,221,267,146,211,128,2.942,0.742,0.18
"E02006928",1952,1390,562,951,375,626,897,5.814,0.496,0.016
"E02006929",18501,10873,7628,6943,5390,6168,9017,8.676,0.418,0
"E02006930",922,613,309,413,217,292,239,4.016,0.678,0.073
"E02006931",6308,4855,1453,3098,987,2223,3227,7.587,0.411,0.001
NA,67565,47404,20161,31673,13870,22022,16706,8.207,0.674,0.002
